{"cameraMode":{"drawMode":0,"name":"Shaded","section":"Shading Mode"},"sceneLighting":true,"audioPlay":false,"sceneViewState":{"showFog":true,"showMaterialUpdate":false,"showSkybox":true,"showFlares":true,"showImageEffects":true,"showParticleSystems":true},"in2DMode":false,"pivot":{"x":-23.186864852905275,"y":-3.300816297531128,"z":-2.219318389892578},"rotation":{"x":0.06747261434793472,"y":-0.7070136070251465,"z":0.06808282434940338,"w":0.7006790041923523},"size":11.117338180541993,"orthographic":false}